,v0-10,v0-20,v0-40,v1-10,v1-20,v1-40,v2-10,v2-20,v2-40,v3-10,v3-20,v3-40,v4-10,v4-20,v4-40,v5-10,v5-20,v5-40,v6-10,v6-20,v6-40,v7-10,v7-20,v7-40,v8-10,v8-20,v8-40,v9-10,v9-20,v9-40,v0-10-unc,v0-20-unc,v0-40-unc,v1-10-unc,v1-20-unc,v1-40-unc,v2-10-unc,v2-20-unc,v2-40-unc,v3-10-unc,v3-20-unc,v3-40-unc,v4-10-unc,v4-20-unc,v4-40-unc,v5-10-unc,v5-20-unc,v5-40-unc,v6-10-unc,v6-20-unc,v6-40-unc,v7-10-unc,v7-20-unc,v7-40-unc,v8-10-unc,v8-20-unc,v8-40-unc,v9-10-unc,v9-20-unc,v9-40-unc,v0-20-cATM,v0-40-cATM,v1-20-cATM,v1-40-cATM,v2-20-cATM,v2-40-cATM,v3-20-cATM,v3-40-cATM,v4-20-cATM,v4-40-cATM,v5-20-cATM,v5-40-cATM,v6-20-cATM,v6-40-cATM,v7-20-cATM,v7-40-cATM,v8-20-cATM,v8-40-cATM,v9-20-cATM,v9-40-cATM
TOTAL terminal $,27715,38838,68812,27715,38838,68812,27715,38838,68812,27715,38838,68812,39342,79144,135801,45887,88689,130455,60758,108572,167748,38016,62274,52718,28779,48382,46194,37471,66248,66237,27715,48517,100435,27715,48517,99465,27715,48517,99465,27715,48517,100435,42987,88586,180478,45887,106879,192855,60221,121258,260151,69431,192594,343944,63373,130899,285241,69326,195989,357630,22615,82587,22615,82587,22615,82587,22615,82587,81184,118421,84114,76756,118327,160169,73376,39227,67492,28581,73961,36340
AVG terminal/day $,815,1142,2024,815,1142,2024,815,1142,2024,815,1142,2024,1157,2328,3994,1350,2609,3837,1787,3193,4934,1118,1832,1551,846,1423,1359,1102,1948,1948,815,1427,2954,815,1427,2925,815,1427,2925,815,1427,2954,1264,2605,5308,1350,3143,5672,1771,3566,7652,2042,5665,10116,1864,3850,8389,2039,5764,10519,665,2429,665,2429,665,2429,665,2429,2388,3483,2474,2258,3480,4711,2158,1154,1985,841,2175,1069
MEDIAN terminal/day $,1138,37,506,1138,37,506,1138,37,506,1138,37,506,1665,3041,4627,1665,2805,3919,1799,2859,3293,195,-893,-441,706,1310,1891,195,-893,-620,1138,781,1703,1138,781,1703,1138,781,1703,1138,781,1703,1665,3632,8067,1665,4558,9653,1799,4381,11894,2448,8566,16903,1595,5110,11149,2448,8600,16903,-232,491,-232,491,-232,491,-232,491,2290,3736,3024,1843,2510,3158,-381,-2482,2460,1574,-781,-1380
RETURN / worst-10day-loss,3.7,2.4,2.5,3.7,2.4,2.5,3.7,2.4,2.5,3.7,2.4,2.5,14.7,25.3,,21.9,,24.6,,45.6,12.6,1.2,1.3,1.0,26.0,,,1.1,1.5,1.3,3.7,5.5,10.3,3.7,5.5,10.2,3.7,5.5,10.2,3.7,5.5,10.3,,34.7,,21.9,,,175.3,,,2.5,3.1,3.3,,,,2.5,3.3,3.8,1.0,4.4,1.0,4.4,1.0,4.4,1.0,4.4,17.4,,,,,15.4,2.2,0.8,,1.6,2.3,0.7
WORST 5-day loss $ (~1wk),-6993,-10930,-26241,-6993,-10930,-26241,-6993,-10930,-26241,-6993,-10930,-26241,-8869,-13596,-21669,-1073,-3669,-6101,-2213,-5315,-7269,-23525,-31545,-38921,-3544,-11030,-11136,-23525,-30783,-37743,-6993,-9480,-19429,-6993,-9480,-19429,-6993,-9480,-19429,-6993,-9480,-19429,-5916,-16416,-38313,-1073,-4235,28,-2213,-200,3157,-22289,-49016,-80850,-1028,1365,8167,-22294,-46086,-77260,-16006,-19676,-16006,-19676,-16006,-19676,-16006,-19676,-11888,-16246,421,-16021,-6557,-11181,-25523,-38075,-5967,-19258,-25523,-38075
  worst 5-day END date,8/28/2026,8/28/2026,8/27/2026,8/28/2026,8/28/2026,8/27/2026,8/28/2026,8/28/2026,8/27/2026,8/28/2026,8/28/2026,8/27/2026,8/5/2026,8/5/2026,8/5/2026,9/4/2026,8/6/2026,8/28/2026,9/4/2026,8/6/2026,8/28/2026,8/25/2026,8/26/2026,8/28/2026,8/31/2026,8/6/2026,8/7/2026,8/25/2026,8/25/2026,8/28/2026,8/28/2026,8/28/2026,8/27/2026,8/28/2026,8/28/2026,8/27/2026,8/28/2026,8/28/2026,8/27/2026,8/28/2026,8/28/2026,8/27/2026,8/5/2026,8/5/2026,8/5/2026,9/4/2026,8/6/2026,8/28/2026,9/4/2026,8/6/2026,9/4/2026,8/28/2026,8/28/2026,8/27/2026,9/4/2026,8/6/2026,9/4/2026,8/28/2026,8/28/2026,8/25/2026,8/24/2026,8/25/2026,8/24/2026,8/25/2026,8/24/2026,8/25/2026,8/24/2026,8/25/2026,8/5/2026,8/5/2026,9/4/2026,8/6/2026,8/18/2026,9/4/2026,8/25/2026,8/26/2026,8/31/2026,8/7/2026,8/25/2026,8/26/2026
WORST 10-day loss $ (~2wk),-7576,-16033,-27724,-7576,-16033,-27724,-7576,-16033,-27724,-7576,-16033,-27724,-2675,-3128,925,-2099,1287,-5299,194,-2383,-13274,-32919,-46765,-52167,-1107,359,351,-32924,-45430,-49508,-7576,-8758,-9776,-7576,-8758,-9776,-7576,-8758,-9776,-7576,-8758,-9776,971,-2551,21,-2099,9796,19158,-344,5619,21515,-27476,-61494,-103595,806,8999,26749,-27801,-58564,-93660,-22927,-18854,-22927,-18854,-22927,-18854,-22927,-18854,-4675,2438,4804,3837,8702,-10384,-33658,-51521,842,-17426,-32528,-52965
  worst 10-day END date,8/31/2026,8/31/2026,8/31/2026,8/31/2026,8/31/2026,8/31/2026,8/31/2026,8/31/2026,8/31/2026,8/31/2026,8/31/2026,8/31/2026,8/11/2026,8/14/2026,8/12/2026,9/4/2026,9/4/2026,9/4/2026,9/4/2026,9/4/2026,9/4/2026,9/1/2026,9/1/2026,8/31/2026,8/31/2026,9/4/2026,8/14/2026,9/1/2026,9/1/2026,8/31/2026,8/31/2026,8/31/2026,8/27/2026,8/31/2026,8/31/2026,8/27/2026,8/31/2026,8/31/2026,8/27/2026,8/31/2026,8/31/2026,8/27/2026,8/11/2026,8/14/2026,8/11/2026,9/4/2026,9/4/2026,9/4/2026,9/4/2026,9/4/2026,9/4/2026,9/4/2026,9/4/2026,9/4/2026,9/4/2026,9/4/2026,9/4/2026,9/4/2026,9/4/2026,9/4/2026,8/28/2026,8/28/2026,8/28/2026,8/28/2026,8/28/2026,8/28/2026,8/28/2026,8/28/2026,8/14/2026,8/12/2026,9/4/2026,9/3/2026,9/4/2026,9/4/2026,9/1/2026,8/31/2026,8/31/2026,8/14/2026,9/1/2026,8/31/2026
MAX LOSING STREAK (days),4,3,4,4,3,4,4,3,4,4,3,4,3,3,3,3,2,3,2,2,2,6,6,10,3,4,3,6,6,9,4,3,5,4,3,5,4,3,5,4,3,5,3,3,3,3,2,2,2,2,2,3,3,3,2,2,2,3,3,3,9,4,9,4,9,4,9,4,3,3,2,4,2,3,6,7,3,4,6,7
  losing-streak $,-5983,-5573,-26747,-5983,-5573,-26747,-5983,-5573,-26747,-5983,-5573,-26747,-11587,-17359,-21800,-1530,-3251,-7902,-4010,-9030,-10887,-26934,-37625,-52167,-3160,-16188,-21595,-26939,-36290,-50041,-5983,-7751,-19429,-5983,-7751,-19429,-5983,-7751,-19429,-5983,-7751,-19429,-8633,-22298,-46078,-1530,-5936,-12249,-4010,-5406,-16506,-17783,-18291,-105310,-2440,-3296,-16946,-17788,-18291,-100005,-26333,-15026,-26333,-15026,-26333,-15026,-26333,-15026,-17997,-25590,-4295,-20019,-6963,-16224,-27765,-47969,-6862,-27049,-27765,-49343
  losing-streak END date,8/26/2026,8/20/2026,8/26/2026,8/26/2026,8/20/2026,8/26/2026,8/26/2026,8/20/2026,8/26/2026,8/26/2026,8/20/2026,8/26/2026,8/5/2026,8/5/2026,8/5/2026,8/5/2026,7/28/2026,8/6/2026,7/28/2026,8/6/2026,7/28/2026,8/26/2026,8/26/2026,8/31/2026,8/31/2026,8/6/2026,8/5/2026,8/26/2026,8/26/2026,8/28/2026,8/26/2026,8/26/2026,8/27/2026,8/26/2026,8/26/2026,8/27/2026,8/26/2026,8/26/2026,8/27/2026,8/26/2026,8/26/2026,8/27/2026,8/5/2026,8/5/2026,8/5/2026,8/5/2026,7/28/2026,7/28/2026,7/28/2026,7/28/2026,7/28/2026,8/26/2026,9/1/2026,8/25/2026,7/28/2026,7/28/2026,7/28/2026,8/26/2026,9/1/2026,8/25/2026,8/26/2026,8/26/2026,8/26/2026,8/26/2026,8/26/2026,8/26/2026,8/26/2026,8/26/2026,8/5/2026,8/5/2026,7/28/2026,8/6/2026,8/14/2026,8/6/2026,8/25/2026,8/26/2026,8/27/2026,8/6/2026,8/25/2026,8/26/2026
MAX WINNING STREAK (days),12,4,5,12,4,5,12,4,5,12,4,5,8,8,4,6,6,5,5,5,6,4,4,4,7,7,4,4,4,4,12,6,5,12,6,5,12,6,5,12,6,5,8,8,5,6,5,6,5,5,6,6,6,6,5,5,6,6,6,6,6,6,6,6,6,6,6,6,8,6,6,4,5,6,3,3,10,4,3,3
  winning-streak $,27221,23494,42276,27221,23494,42276,27221,23494,42276,27221,23494,42276,25428,52741,35056,17546,23142,43339,17115,42016,56181,23467,37029,44721,17927,34976,13526,23467,36607,43566,27221,33381,48947,27221,33381,48947,27221,33381,48947,27221,33381,48947,25428,54230,43363,17546,30416,75414,17115,34792,87765,51253,109132,228963,17023,38767,99629,50783,111970,234056,31222,23486,31222,23486,31222,23486,31222,23486,56836,53256,21908,28639,40890,20485,35107,27609,41771,15129,35107,26234
WORST single day $,-3265,-5347,-7753,-3265,-5347,-7753,-3265,-5347,-7753,-3265,-5347,-7753,-4860,-6515,-7400,-3595,-6930,-8853,-3880,-6996,-8998,-6000,-6985,-8965,-5180,-6460,-7475,-6000,-6985,-8965,-3265,-5368,-10764,-3265,-5368,-10764,-3265,-5368,-10764,-3265,-5368,-10764,-3260,-8355,-18865,-3595,-8615,-19336,-3880,-9570,-20361,-11500,-24880,-60071,-3880,-9570,-17990,-11500,-24880,-59030,-5684,-6848,-5684,-6848,-5684,-6848,-5684,-6848,-6487,-8770,-5965,-8932,-6780,-8979,-6970,-8965,-5970,-8680,-6970,-8965
  worst day DATE,8/28/2026,8/6/2026,8/24/2026,8/28/2026,8/6/2026,8/24/2026,8/28/2026,8/6/2026,8/24/2026,8/28/2026,8/6/2026,8/24/2026,8/4/2026,8/3/2026,8/4/2026,8/14/2026,8/24/2026,7/22/2026,9/4/2026,8/24/2026,9/4/2026,9/4/2026,8/21/2026,8/24/2026,8/5/2026,8/4/2026,8/4/2026,9/4/2026,8/21/2026,8/24/2026,8/28/2026,7/27/2026,7/28/2026,8/28/2026,7/27/2026,7/28/2026,8/28/2026,7/27/2026,7/28/2026,8/28/2026,7/27/2026,7/28/2026,8/4/2026,8/5/2026,8/5/2026,8/14/2026,8/24/2026,8/24/2026,9/4/2026,9/4/2026,8/24/2026,9/4/2026,9/4/2026,8/24/2026,9/4/2026,9/4/2026,8/31/2026,9/4/2026,9/4/2026,9/4/2026,9/2/2026,8/19/2026,9/2/2026,8/19/2026,9/2/2026,8/19/2026,9/2/2026,8/19/2026,8/5/2026,8/11/2026,8/24/2026,7/22/2026,8/5/2026,8/25/2026,7/31/2026,8/5/2026,8/5/2026,8/3/2026,7/31/2026,8/5/2026
BEST single day $,5437,13687,20163,5437,13687,20163,5437,13687,20163,5437,13687,20163,7135,13010,19542,5210,10285,22946,9053,19045,26228,16825,24938,35092,6995,8701,15040,16825,26438,34212,5437,12090,19120,5437,12090,19100,5437,12090,19100,5437,12090,19120,7135,13010,23459,5210,11284,24217,9053,19995,26227,18220,44398,77488,9120,19850,27345,18220,44398,76688,12014,24412,12014,24412,12014,24412,12014,24412,12124,23460,12290,23393,21705,29180,23617,37699,11550,13770,23472,37699
  best day DATE,7/31/2026,7/24/2026,7/24/2026,7/31/2026,7/24/2026,7/24/2026,7/31/2026,7/24/2026,7/24/2026,7/31/2026,7/24/2026,7/24/2026,8/21/2026,8/21/2026,8/19/2026,8/21/2026,7/29/2026,8/20/2026,7/23/2026,7/24/2026,8/20/2026,8/17/2026,8/4/2026,7/24/2026,7/24/2026,7/24/2026,8/12/2026,8/17/2026,8/4/2026,8/4/2026,7/31/2026,7/31/2026,9/1/2026,7/31/2026,7/31/2026,7/31/2026,7/31/2026,7/31/2026,7/31/2026,7/31/2026,7/31/2026,9/1/2026,8/21/2026,8/21/2026,8/25/2026,8/21/2026,7/24/2026,8/20/2026,7/23/2026,7/24/2026,7/23/2026,8/17/2026,8/17/2026,8/17/2026,7/29/2026,7/24/2026,7/24/2026,8/17/2026,8/17/2026,8/17/2026,7/24/2026,7/24/2026,7/24/2026,7/24/2026,7/24/2026,7/24/2026,7/24/2026,7/24/2026,8/25/2026,8/13/2026,7/29/2026,8/20/2026,7/29/2026,7/29/2026,8/4/2026,8/4/2026,8/7/2026,8/12/2026,8/4/2026,8/4/2026
opens/day,16.24,15.68,16.97,16.24,15.68,16.97,16.24,15.68,16.97,16.24,15.68,16.97,16.38,15.82,16.06,20.41,20.47,20.29,27.26,26.74,24.94,34.88,24.97,21.53,12.18,7.41,5.82,34.91,25.09,21.32,16.24,16.24,16.24,16.24,16.24,16.24,16.24,16.24,16.24,16.24,16.24,16.24,16.62,16.62,16.62,20.41,20.41,20.41,27.24,27.24,27.24,45.29,45.62,45.59,27.24,27.24,27.24,45.29,45.62,45.59,15.47,15,15.47,15,15.47,15,15.47,15,15.47,14.65,19.94,18.71,26.53,24.26,24.82,20.18,7.85,6.18,24.82,20.21
NEG days,14/34,17/34,16/34,14/34,17/34,16/34,14/34,17/34,16/34,14/34,17/34,16/34,11/34,12/34,12/34,12/34,11/34,12/34,10/34,11/34,12/34,17/34,19/34,19/34,9/34,11/34,16/34,17/34,19/34,20/34,14/34,16/34,16/34,14/34,16/34,16/34,14/34,16/34,16/34,14/34,16/34,16/34,11/34,11/34,10/34,12/34,11/34,10/34,10/34,9/34,8/34,13/34,12/34,12/34,10/34,9/34,8/34,13/34,12/34,12/34,18/34,15/34,18/34,15/34,18/34,15/34,18/34,15/34,12/34,11/34,8/34,15/34,9/34,12/34,19/34,21/34,9/34,15/34,19/34,21/34
WIN %,59%,50%,53%,59%,50%,53%,59%,50%,53%,59%,50%,53%,68%,65%,65%,65%,68%,65%,71%,68%,65%,50%,44%,44%,74%,68%,53%,50%,44%,41%,59%,53%,53%,59%,53%,53%,59%,53%,53%,59%,53%,53%,68%,68%,71%,65%,68%,71%,71%,74%,76%,62%,65%,65%,71%,74%,76%,62%,65%,65%,47%,56%,47%,56%,47%,56%,47%,56%,65%,68%,76%,56%,74%,65%,44%,38%,74%,56%,44%,38%
(context) true MAX DRAWDOWN $,-8447,-16033,-28548,-8447,-16033,-28548,-8447,-16033,-28548,-8447,-16033,-28548,-11587,-17359,-21800,-3595,-7113,-10507,-4010,-9030,-13979,-33504,-48962,-56058,-5180,-16188,-21595,-33829,-47627,-54567,-8447,-10190,-20297,-8447,-10190,-20297,-8447,-10190,-20297,-8447,-10190,-20297,-8633,-22298,-46078,-3595,-8615,-19336,-4010,-11210,-20361,-27476,-61494,-106752,-3880,-10840,-17990,-27801,-58564,-100005,-29745,-25749,-29745,-25749,-29745,-25749,-29745,-25749,-17997,-25590,-5965,-20019,-9067,-19863,-36561,-65906,-10499,-32247,-35431,-65456
maxDD 7-day $,-7783,-11960,-28539,-7783,-11960,-28539,-7783,-11960,-28539,-7783,-11960,-28539,-11587,-17359,-21800,-3595,-7113,-10507,-4010,-9030,-13979,-26934,-37625,-45750,-5180,-16188,-21595,-26939,-36290,-43781,-7783,-10190,-20297,-7783,-10190,-20297,-7783,-10190,-20297,-7783,-10190,-20297,-8633,-22298,-46078,-3595,-8615,-19336,-4010,-11210,-20361,-26354,-58782,-105310,-3880,-10840,-17990,-26359,-55852,-100005,-22852,-25749,-22852,-25749,-22852,-25749,-22852,-25749,-17997,-25590,-5965,-20019,-9067,-19863,-27765,-47969,-10499,-32247,-27765,-49343
maxDD 30-day $,-8447,-16033,-28548,-8447,-16033,-28548,-8447,-16033,-28548,-8447,-16033,-28548,-11587,-17359,-21800,-3595,-7113,-10507,-4010,-9030,-13979,-33504,-48962,-56058,-5180,-16188,-21595,-33829,-47627,-54567,-8447,-10190,-20297,-8447,-10190,-20297,-8447,-10190,-20297,-8447,-10190,-20297,-8633,-22298,-46078,-3595,-8615,-19336,-4010,-11210,-20361,-27476,-61494,-106752,-3880,-10840,-17990,-27801,-58564,-100005,-29745,-25749,-29745,-25749,-29745,-25749,-29745,-25749,-17997,-25590,-5965,-20019,-9067,-19863,-36561,-65906,-10499,-32247,-35431,-65456
ret / maxDD30,3.3,2.4,2.4,3.3,2.4,2.4,3.3,2.4,2.4,3.3,2.4,2.4,3.4,4.6,6.2,12.8,12.5,12.4,15.2,12.0,12.0,1.1,1.3,0.9,5.6,3.0,2.1,1.1,1.4,1.2,3.3,4.8,4.9,3.3,4.8,4.9,3.3,4.8,4.9,3.3,4.8,4.9,5.0,4.0,3.9,12.8,12.4,10.0,15.0,10.8,12.8,2.5,3.1,3.2,16.3,12.1,15.9,2.5,3.3,3.6,0.8,3.2,0.8,3.2,0.8,3.2,0.8,3.2,4.5,4.6,14.1,3.8,13.1,8.1,2.0,0.6,6.4,0.9,2.1,0.6
avg peak capital $,1331,2911,6489,1331,2911,6489,1331,2911,6489,1331,2911,6489,1463,3067,6462,1481,3142,6653,1558,3401,6832,1377,2863,6333,1462,3028,5676,1377,2863,6333,1331,2916,6753,1331,2916,6753,1331,2916,6753,1331,2916,6753,1463,3101,6794,1481,3137,6842,1558,3450,7095,1379,3017,8118,1527,3286,6729,1379,3017,8040,2640,5479,2640,5479,2640,5479,2640,5479,2875,5639,2899,5748,2920,5746,2701,5623,2885,5194,2701,5623
ret on capital (daily $/$),0.612,0.392,0.312,0.612,0.392,0.312,0.612,0.392,0.312,0.612,0.392,0.312,0.791,0.759,0.618,0.912,0.83,0.577,1.147,0.939,0.722,0.812,0.64,0.245,0.579,0.47,0.239,0.8,0.68,0.308,0.612,0.489,0.437,0.612,0.489,0.433,0.612,0.489,0.433,0.612,0.489,0.437,0.864,0.84,0.781,0.912,1.002,0.829,1.137,1.034,1.079,1.481,1.878,1.246,1.221,1.172,1.247,1.479,1.911,1.308,0.252,0.443,0.252,0.443,0.252,0.443,0.252,0.443,0.831,0.618,0.853,0.393,1.192,0.82,0.799,0.205,0.688,0.162,0.805,0.19
profitScore ($20-norm),1630,1142,1012,1630,1142,1012,1630,1142,1012,1630,1142,1012,2314,2328,1997,2700,2609,1919,3574,3193,2467,2236,1832,776,1692,1423,680,2204,1948,974,1630,1427,1477,1630,1427,1463,1630,1427,1463,1630,1427,1477,2528,2605,2654,2700,3143,2836,3542,3566,3826,4084,5665,5058,3728,3850,4195,4078,5764,5260,665,1215,665,1215,665,1215,665,1215,2388,1742,2474,1129,3480,2356,2158,577,1985,421,2175,535
riskScore ($20-norm),-16894,-16033,-14274,-16894,-16033,-14274,-16894,-16033,-14274,-16894,-16033,-14274,-23174,-17359,-10900,-7190,-7113,-5253,-8020,-9030,-6989,-67008,-48962,-28029,-10360,-16188,-10797,-67658,-47627,-27283,-16894,-10190,-10148,-16894,-10190,-10148,-16894,-10190,-10148,-16894,-10190,-10148,-17266,-22298,-23039,-7190,-8615,-9668,-8020,-11210,-10180,-54952,-61494,-53376,-7760,-10840,-8995,-55602,-58564,-50002,-29745,-12874,-29745,-12874,-29745,-12874,-29745,-12874,-17997,-12795,-5965,-10009,-9067,-9931,-36561,-32953,-10499,-16123,-35431,-32728
GOV lossMax $,-6000,-7000,-9000,-6000,-7000,-9000,-6000,-7000,-9000,-6000,-7000,-9000,-6000,-7000,-9000,-6000,-7000,-9000,-6000,-7000,-9000,-6000,-7000,-9000,-6000,-7000,-9000,-6000,-7000,-9000,,,,,,,,,,,,,,,,,,,,,,,,,,,,,,,-7000,-9000,-7000,-9000,-7000,-9000,-7000,-9000,-7000,-9000,-7000,-9000,-7000,-9000,-7000,-9000,-7000,-9000,-7000,-9000
GOV worst floor HELD $,-5935,-6990,-8810,-5935,-6990,-8810,-5935,-6990,-8810,-5935,-6990,-8810,-5705,-7000,-8995,-5090,-7000,-8988,-5730,-6999,-8998,-6000,-7000,-9000,-5180,-6795,-8960,-6000,-7000,-9000,,,,,,,,,,,,,,,,,,,,,,,,,,,,,,,-7000,-8988,-7000,-8988,-7000,-8988,-7000,-8988,-6990,-8957,-7000,-8997,-7000,-8990,-7000,-9000,-6690,-8755,-7000,-9000
GOV days over cap,0,0,0,0,0,0,0,0,0,0,0,0,0,0,0,0,0,0,0,0,0,0,0,0,0,0,0,0,0,0,,,,,,,,,,,,,,,,,,,,,,,,,,,,,,,0,0,0,0,0,0,0,0,0,0,0,0,0,0,0,0,0,0,0,0
GOV covers deferred,0,4,0,0,4,0,0,4,0,0,4,0,0,0,7,0,8,34,0,42,115,49,82,91,0,0,0,49,82,91,,,,,,,,,,,,,,,,,,,,,,,,,,,,,,,5,21,5,21,5,21,5,21,0,5,16,30,33,64,39,35,0,0,39,35
GOV offsets bought,0,14,91,0,14,91,0,14,91,0,14,91,1,19,89,0,30,97,1,45,99,2,24,122,0,10,38,2,25,117,,,,,,,,,,,,,,,,,,,,,,,,,,,,,,,14,57,14,57,14,57,14,57,9,40,12,47,27,51,18,71,6,34,18,72
GOV offset spend $,0,7382,48553,0,7382,48553,0,7382,48553,0,7382,48553,692,8993,51107,0,12570,49326,733,21889,52892,472,7402,64344,0,4146,27421,472,7873,63007,,,,,,,,,,,,,,,,,,,,,,,,,,,,,,,4774,30937,4774,30937,4774,30937,4774,30937,5205,21668,4230,22991,15933,25331,7159,36056,2634,23146,7159,36503
GOV opens blocked,0,33,67,0,33,67,0,33,67,0,33,67,9,46,109,0,27,99,0,49,138,356,726,938,0,29,97,355,723,940,,,,,,,,,,,,,,,,,,,,,,,,,,,,,,,42,102,42,102,42,102,42,102,48,108,28,100,41,128,723,933,13,125,723,933

DATE,v0-10,v0-20,v0-40,v1-10,v1-20,v1-40,v2-10,v2-20,v2-40,v3-10,v3-20,v3-40,v4-10,v4-20,v4-40,v5-10,v5-20,v5-40,v6-10,v6-20,v6-40,v7-10,v7-20,v7-40,v8-10,v8-20,v8-40,v9-10,v9-20,v9-40,v0-10-unc,v0-20-unc,v0-40-unc,v1-10-unc,v1-20-unc,v1-40-unc,v2-10-unc,v2-20-unc,v2-40-unc,v3-10-unc,v3-20-unc,v3-40-unc,v4-10-unc,v4-20-unc,v4-40-unc,v5-10-unc,v5-20-unc,v5-40-unc,v6-10-unc,v6-20-unc,v6-40-unc,v7-10-unc,v7-20-unc,v7-40-unc,v8-10-unc,v8-20-unc,v8-40-unc,v9-10-unc,v9-20-unc,v9-40-unc,v0-20-cATM,v0-40-cATM,v1-20-cATM,v1-40-cATM,v2-20-cATM,v2-40-cATM,v3-20-cATM,v3-40-cATM,v4-20-cATM,v4-40-cATM,v5-20-cATM,v5-40-cATM,v6-20-cATM,v6-40-cATM,v7-20-cATM,v7-40-cATM,v8-20-cATM,v8-40-cATM,v9-20-cATM,v9-40-cATM
7/21/2026,-1279,-1345,194,-1279,-1345,194,-1279,-1345,194,-1279,-1345,194,1665,5110,4480,1665,3447,721,1445,4302,1699,195,-1567,1619,706,343,4820,195,-1567,1619,-1279,-1345,361,-1279,-1345,361,-1279,-1345,361,-1279,-1345,361,1665,5110,5024,1665,3596,3390,1445,4365,3265,195,1188,5134,1445,4365,5269,195,1188,5134,-2919,-4245,-2919,-4245,-2919,-4245,-2919,-4245,6872,1013,4757,-2543,6035,394,2101,-6673,3452,3683,2101,-6673
7/22/2026,2009,3474,6482,2009,3474,6482,2009,3474,6482,2009,3474,6482,-1765,-5210,-5406,-3015,-5085,-8853,-1895,-3501,-6489,-5880,-4279,253,-440,-1960,-3505,-5880,-4279,253,2009,3474,9184,2009,3474,9184,2009,3474,9184,2009,3474,9184,-1765,-5210,-12705,-3015,-5085,-16715,-1895,-8905,-16495,-7469,-14119,-41436,-2135,-9545,-14105,-7469,-15009,-42926,4324,11924,4324,11924,4324,11924,4324,11924,-3925,-7381,-5470,-8932,-6395,-4788,-2994,-3122,910,-8075,-2994,-3122
7/23/2026,5191,9064,13243,5191,9064,13243,5191,9064,13243,5191,9064,13243,1443,-1584,-5152,3483,7350,15465,9053,11816,25586,7758,5989,7757,415,5168,-131,7758,5989,7757,5191,9064,15713,5191,9064,15713,5191,9064,15713,5191,9064,15713,1443,4255,9335,3483,7350,12591,9053,11816,26227,7758,20938,39655,8643,11241,23292,7758,20323,39655,7108,9258,7108,9258,7108,9258,7108,9258,-974,-8110,5301,10525,16956,14346,13416,2649,6358,-4560,13416,2649
7/24/2026,4056,13687,20163,4056,13687,20163,4056,13687,20163,4056,13687,20163,2735,6933,11675,4616,9964,15543,6576,19045,19632,8350,22407,35092,6995,8701,5364,8350,22407,33937,4056,8933,18137,4056,8933,18137,4056,8933,18137,4056,8933,18137,2735,6933,13215,4616,11284,22379,6576,19995,24685,8350,21552,59313,6521,19850,27345,8350,21552,58158,12014,24412,12014,24412,12014,24412,12014,24412,6265,12281,12136,17496,12658,15389,21526,35728,7577,10338,21526,35728
7/27/2026,-1930,-3712,-1783,-1930,-3712,-1783,-1930,-3712,-1783,-1930,-3712,-1783,2165,3480,4627,-540,-575,-494,-1400,-2536,-7686,-5460,-3023,-7222,400,4655,-1620,-5460,-3023,-7222,-1930,-5368,-9533,-1930,-5368,-9533,-1930,-5368,-9533,-1930,-5368,-9533,2165,3480,4627,-540,-575,-3400,-1400,-2360,-7203,-4602,-12188,-34073,-1015,-1520,-10038,-4647,-12733,-35013,-2652,4093,-2652,4093,-2652,4093,-2652,4093,4402,12742,-275,3012,1110,14091,-5714,-8212,5357,1186,-5714,-8212
7/28/2026,-1080,-3143,1850,-1080,-3143,1850,-1080,-3143,1850,-1080,-3143,1850,270,229,3998,-1690,-2676,-1367,-2610,496,-3201,-4605,-3074,-6014,795,1252,-1178,-4605,-3074,-4725,-1080,-2680,-10764,-1080,-2680,-10764,-1080,-2680,-10764,-1080,-2680,-10764,270,229,4021,-1690,-5361,-8849,-2610,-3046,-9302,-3954,-12935,-50852,-1425,-1776,-6907,-3954,-12935,-47567,-2934,-4358,-2934,-4358,-2934,-4358,-2934,-4358,2290,1313,-4020,-6789,-1034,-6511,-6940,-8275,743,-1737,-6940,-8275
7/29/2026,3430,7740,15912,3430,7740,15912,3430,7740,15912,3430,7740,15912,3520,9009,14757,4090,10285,17166,8700,17060,21145,8715,11110,11594,4830,5430,10767,8715,12144,12555,3430,7740,12495,3430,7740,12495,3430,7740,12495,3430,7740,12495,3520,7505,12165,4090,10285,15565,8700,17060,21145,8715,17750,22710,9120,19530,23610,8715,19175,24715,7870,16280,7870,16280,7870,16280,7870,16280,7965,17576,12290,18350,21705,29180,11270,15884,6525,12451,11270,14556
7/30/2026,661,-669,-2832,661,-669,-2832,661,-669,-2832,661,-669,-2832,-1155,-1008,-4932,2835,6845,8323,3112,5932,6044,8655,6400,5167,1835,4613,13638,8455,6927,8095,661,781,-1712,661,781,-1712,661,781,-1712,661,781,-1712,-1155,-800,-5634,2835,6845,9653,3112,6722,9201,14425,21435,54738,3462,7032,5413,14225,21963,56251,610,-6668,610,-6668,610,-6668,610,-6668,-14,2168,7447,5283,6526,22692,9487,5189,2961,3323,9487,4554
7/31/2026,5437,11143,16676,5437,11143,16676,5437,11143,16676,5437,11143,16676,3872,4770,5063,3187,1137,3919,4047,-4250,5794,-315,-3570,-4082,2657,5157,4174,-300,-3570,-4082,5437,12090,19100,5437,12090,19100,5437,12090,19100,5437,12090,19100,3872,6683,13400,3187,235,5120,4047,3045,14158,2885,9215,8178,4272,3400,14763,2615,8600,10878,10166,19741,10166,19741,10166,19741,10166,19741,6124,7176,7038,3999,1672,17685,-6970,-7119,5213,7883,-6970,-7119
8/3/2026,2105,4120,9607,2105,4120,9607,2105,4120,9607,2105,4120,9607,-3627,-6515,-7355,-315,-1325,5946,-323,825,5578,6503,9338,13658,-367,-3996,-7355,6503,9338,13658,2105,4120,11067,2105,4120,11067,2105,4120,11067,2105,4120,11067,-2273,-7043,-11717,-315,-1325,6017,-323,825,11418,8023,18297,52190,-323,170,10653,8023,18297,52190,3722,1265,3722,1265,3722,1265,3722,1265,-6105,-8680,600,-4135,2905,1343,12570,22742,2677,-8680,12570,22742
8/4/2026,3010,6451,7974,3010,6451,7974,3010,6451,7974,3010,6451,7974,-4860,-6510,-7400,-600,411,-845,9,7140,-8925,11537,24938,32832,415,-6460,-7475,11502,26438,34212,3010,6451,13136,3010,6451,13136,3010,6451,13136,3010,6451,13136,-3260,-6900,-15496,-600,411,-749,9,7140,12369,11012,30068,66709,709,8635,11149,11012,31568,65584,6095,10156,6095,10156,6095,10156,6095,10156,-5405,-8605,587,-6218,8082,-4398,23617,37699,-4529,-8625,23472,37699
8/5/2026,1525,1780,647,1525,1780,647,1525,1780,647,1525,1780,647,-3100,-4334,-7045,-615,-3975,-5800,-595,-4609,-4893,1728,-3455,-7965,-5180,-4277,-6765,1728,-3455,-7965,1525,2200,3405,1525,2200,3405,1525,2200,3405,1525,2200,3405,-3100,-8355,-18865,-615,-2965,-10185,-595,-2450,-11650,6193,12368,24438,-595,-2450,-13120,6193,12368,24438,2759,5045,2759,5045,2759,5045,2759,5045,-6487,-8305,-3455,-5025,-6780,-8220,-6730,-8965,-5970,-8205,-6730,-8965
8/6/2026,1337,-5347,7373,1337,-5347,7373,1337,-5347,7373,1337,-5347,7373,1886,3632,15570,771,83,-1257,-2749,-4421,2600,-1669,-893,-1397,286,-1455,6742,-1669,-893,-2159,1337,-5203,2239,1337,-5203,2239,1337,-5203,2239,1337,-5203,2239,1886,3632,16737,771,-591,7196,-2749,-8760,2962,-1634,-6814,-14481,-2984,-8390,5392,-1634,-6814,-15350,-3013,-3284,-3013,-3284,-3013,-3284,-3013,-3284,5824,10390,460,-4641,770,-3606,-1337,1338,116,-1539,-1337,763
8/7/2026,1392,-863,-7425,1392,-863,-7425,1392,-863,-7425,1392,-863,-7425,3244,6444,9434,3959,7139,7044,5895,12865,16993,4993,10386,14506,5575,8386,3717,4993,10364,17146,1392,-863,-8188,1392,-863,-8188,1392,-863,-8188,1392,-863,-8188,3244,6444,11407,3959,7739,10512,5895,13143,19994,5433,11914,24977,5803,13271,21057,5433,11447,25980,-1818,-5599,-1818,-5599,-1818,-5599,-1818,-5599,5881,8848,5720,5571,16374,11116,16042,10814,11550,7790,16042,10014
8/10/2026,822,1076,-3159,822,1076,-3159,822,1076,-3159,822,1076,-3159,-1498,-1030,-2206,3929,4516,10666,3767,6186,15870,8697,11917,12977,2732,677,-599,8697,11917,12677,822,1616,4456,822,1616,4456,822,1616,4456,822,1616,4456,-1498,-2366,-4523,3929,4516,12185,3767,7244,17673,12872,29802,60898,3767,8084,21323,12872,29802,60598,3289,518,3289,518,3289,518,3289,518,-3439,3736,5908,16741,7316,19719,10513,15458,1477,-5071,10513,15458
8/11/2026,4315,240,-1197,4315,240,-1197,4315,240,-1197,4315,240,-1197,-957,-2942,-6188,3738,6258,13645,2068,3248,12195,8283,7031,-7488,-340,1712,-6245,8283,7031,-7488,4315,3088,11672,4315,3088,11672,4315,3088,11672,4315,3088,11672,-265,-30,2547,3738,6258,14952,2068,3248,12932,9190,23826,38408,2068,4503,16707,9190,23826,38408,132,7848,132,7848,132,7848,132,7848,-4123,-8770,3650,9648,1387,13997,8551,-7093,3202,-7918,8551,-7093
8/12/2026,1138,2405,2725,1138,2405,2725,1138,2405,2725,1138,2405,2725,4761,4950,5984,2440,2805,9824,3790,2859,5984,1495,7695,180,500,3454,15040,1495,7295,-620,1138,2405,1703,1138,2405,1703,1138,2405,1703,1138,2405,1703,4761,9450,20475,2440,7680,17990,3790,5984,25105,645,7280,9925,3790,5984,26050,645,6745,9125,2788,6255,2788,6255,2788,6255,2788,6255,3155,4480,4259,-424,2510,4480,-381,-454,3810,13770,-781,-454
8/13/2026,2049,3889,8468,2049,3889,8468,2049,3889,8468,2049,3889,8468,5370,8017,14718,2709,2342,2160,1595,-1711,2539,-2681,-4852,-8299,1058,2252,6208,-2681,-4852,-8299,2049,3478,9068,2049,3478,9068,2049,3478,9068,2049,3478,9068,5370,8017,17711,2709,4223,12579,1595,418,9099,4834,13614,16903,1595,418,9099,4834,13614,16903,4819,8031,4819,8031,4819,8031,4819,8031,9210,23460,1911,448,-1876,-2713,-5086,-7174,6264,3614,-5086,-7174
8/14/2026,-1159,-3554,-200,-1159,-3554,-200,-1159,-3554,-200,-1159,-3554,-200,-3255,-4841,-5289,-3595,-3625,-4593,-2574,-1806,-2362,-2436,-2594,46,725,280,-2916,-2436,-2594,-753,-1159,-3294,-4614,-1159,-3294,-4614,-1159,-3294,-4614,-1159,-3294,-4614,-3255,-5401,-11701,-3595,-6405,-13384,-2574,-3664,-13418,-10941,-19151,-40480,-2934,-4228,-13632,-10986,-19936,-40675,-3249,491,-3249,491,-3249,491,-3249,491,-3186,-6443,-5431,-7471,-5087,-6758,-200,-1164,313,-2563,-200,-1164
8/17/2026,3133,5604,2643,3133,5604,2643,3133,5604,2643,3133,5604,2643,-1875,-3080,-3710,4828,9187,5174,6775,10589,11791,16825,20997,12634,2145,1310,-3548,16825,20997,12634,3133,7100,6160,3133,7100,6160,3133,7100,6160,3133,7100,6160,-1875,-2195,-6305,4828,9630,10660,6775,11025,17220,18220,44398,77488,7380,12440,16268,18220,44398,76688,-232,344,-232,344,-232,344,-232,344,-2942,-8690,3858,781,435,4623,17195,11885,1120,-8225,17195,11885
8/18/2026,-1499,-2919,-1761,-1499,-2919,-1761,-1499,-2919,-1761,-1499,-2919,-1761,-305,-1550,5115,3215,7208,10484,1915,4762,13526,833,335,-690,-1145,-1400,-3858,833,335,-690,-1499,-2919,-229,-1499,-2919,-229,-1499,-2919,-229,-1499,-2919,-229,-305,-639,8067,3215,9389,14651,1915,5584,14431,2448,25764,45789,1915,5584,20707,2448,25764,45789,-5044,-3887,-5044,-3887,-5044,-3887,-5044,-3887,-2492,3700,3307,2623,-2539,5348,-2241,-5062,-1550,-5027,-2241,-5062
8/19/2026,-287,-2640,-4612,-287,-2640,-4612,-287,-2640,-4612,-287,-2640,-4612,4227,10067,19542,3773,8903,6642,5003,9295,18081,-5630,-6080,-5569,582,1180,6641,-5630,-6080,-5569,-287,-912,-5397,-287,-912,-5397,-287,-912,-5397,-287,-912,-5397,4227,10067,19888,3773,10318,15181,5003,9295,19246,1387,1873,4145,4933,8725,17501,1387,1873,2325,-3093,-6848,-3093,-6848,-3093,-6848,-3093,-6848,9518,11940,3685,1843,10185,10882,-1228,-4831,2683,8747,-1228,-6206
8/20/2026,1568,-14,4581,1568,-14,4581,1568,-14,4581,1568,-14,4581,4158,7707,13978,3908,9988,22946,4015,8220,26228,-1335,-4532,-157,1460,7755,8498,-1335,-4532,-157,1568,5118,13733,1568,5118,13733,1568,5118,13733,1568,5118,13733,4158,8763,19400,3908,9988,24217,4015,8220,24270,-132,-552,20420,3620,7318,25032,-132,-552,20420,-1958,11,-1958,11,-1958,11,-1958,11,9676,8879,10898,23393,11447,25588,-5487,-5868,2460,5507,-5487,-5868
8/21/2026,-790,1180,-6095,-790,1180,-6095,-790,1180,-6095,-790,1180,-6095,7135,13010,18522,5210,6798,3297,4945,9150,3293,-5990,-6985,-5882,1075,5245,-543,-5990,-6985,-5882,-790,145,-4000,-790,145,-4000,-790,145,-4000,-790,145,-4000,7135,13010,18599,5210,9645,12139,4945,9694,11304,3054,8566,-3157,4935,9259,15664,3834,10031,-417,-3262,-3184,-3262,-3184,-3262,-3184,-3262,-3184,10105,9355,4150,-1649,5263,-3324,-6950,-8680,2891,-444,-6950,-8680
8/24/2026,-689,-2299,-7753,-689,-2299,-7753,-689,-2299,-7753,-689,-2299,-7753,175,55,-3369,-3280,-6930,-7445,-3695,-6996,-8570,-5935,-6760,-8965,465,1092,-5228,-5935,-6760,-8965,-689,-1794,-1784,-689,-1794,-1784,-689,-1794,-1784,-689,-1794,-1784,175,55,-1221,-3280,-8615,-19336,-3695,-8765,-20361,-9175,-24265,-60071,-2990,-7960,-16406,-9175,-24265,-57506,-2649,-3900,-2649,-3900,-2649,-3900,-2649,-3900,975,-1253,-5965,-7195,-6007,-7560,-6430,-8925,325,-4001,-6430,-8925
8/25/2026,-2790,-2032,-7749,-2790,-2032,-7749,-2790,-2032,-7749,-2790,-2032,-7749,3710,10766,10629,775,-183,-3062,1057,-1946,-5378,-4635,-6425,-6846,-1325,-2420,-633,-4635,-6425,-6846,-2790,-2940,-8810,-2790,-2940,-8810,-2790,-2940,-8810,-2790,-2940,-8810,3710,11199,23459,775,5284,6969,520,1830,8089,-7364,-22335,-42082,520,1830,6089,-7364,-22335,-42082,-3235,-5755,-3235,-5755,-3235,-5755,-3235,-5755,12124,8856,2029,-8117,1157,-8979,-5429,-7479,-3860,3311,-5429,-7479
8/26/2026,-1715,-3236,-5149,-1715,-3236,-5149,-1715,-3236,-5149,-1715,-3236,-5149,125,836,2926,-375,1578,6865,705,480,12462,-3409,-6842,-8768,941,-1638,2327,-3414,-5507,-8768,-1715,-3017,-1295,-1715,-3017,-1295,-1715,-3017,-1295,-1715,-3017,-1295,125,836,6895,-375,1578,8341,705,1514,15501,-1244,2090,26275,360,2379,13606,-1249,5020,28960,-3610,-2187,-3610,-2187,-3610,-2187,-3610,-2187,30,-1422,4307,9674,3497,4922,581,-7123,-1537,3082,1771,-7123
8/27/2026,1465,37,506,1465,37,506,1465,37,506,1465,37,506,2490,3200,5617,-180,-940,-5540,2540,2975,2191,3150,1160,-6418,-420,-1100,2235,3150,1160,-5239,1465,1670,-3540,1465,1670,-3540,1465,1670,-3540,1465,1670,-3540,2490,3200,2125,-180,-940,-5540,2540,2975,530,2305,4020,-1815,2410,2660,35,2305,4020,-2310,3602,6657,3602,6657,3602,6657,3602,6657,4345,9156,987,2775,4380,9255,3955,90,-1465,7162,3955,90
8/28/2026,-3265,-3400,1775,-3265,-3400,1775,-3265,-3400,1775,-3265,-3400,1775,3410,7099,7341,2035,4191,3081,1799,2131,-7974,-5870,-6485,-7925,-450,2800,1244,-5870,-6485,-7925,-3265,-3400,5105,-3265,-3400,5105,-3265,-3400,5105,-3265,-3400,5105,3410,7099,10600,2035,4874,9594,1799,7559,14599,-6811,-8526,1623,1534,7559,15259,-6811,-8526,1623,-3445,-105,-3445,-105,-3445,-105,-3445,-105,10064,8340,3024,4982,6458,3158,-6017,-6884,2965,1574,-6017,-6884
8/31/2026,425,-710,-1465,425,-710,-1465,425,-710,-1465,425,-710,-1465,-880,-2747,-5331,-1080,-2637,-4187,-2580,-1557,-948,-2025,-495,-947,-2290,-6155,-7149,-2025,-495,533,425,-710,-2870,425,-710,-2870,425,-710,-2870,425,-710,-2870,-880,-5400,-15890,-1080,-4190,-13120,-2580,-6025,-20045,-2475,-3740,-8660,-1910,-5815,-17990,-2475,-3740,-8910,880,4734,880,4734,880,4734,880,4734,-3055,282,-2035,2794,-1855,2009,-3710,3242,-2070,-7825,-3710,3172
9/1/2026,2648,8446,15071,2648,8446,15071,2648,8446,15071,2648,8446,15071,2201,7903,13974,42,5809,4335,187,4381,3869,-1240,-3320,4563,1737,4351,6466,-1240,-3320,10043,2648,9636,19120,2648,9636,18150,2648,9636,18150,2648,9636,19120,2201,7903,19608,42,6266,12210,187,4381,12696,-1590,-6025,-10428,892,7321,17216,-1590,-6025,-4998,6475,7733,6475,7733,6475,7733,6475,7733,5261,11152,2233,-423,4070,1011,-2944,-2482,6810,6722,-3004,-587
9/2/2026,-1184,-3165,-6529,-1184,-3165,-6529,-1184,-3165,-6529,-1184,-3165,-6529,1200,2812,2506,882,3677,3698,1363,1750,-161,3251,2406,3856,807,2523,2348,2931,2406,3856,-1184,-2889,-2681,-1184,-2889,-2681,-1184,-2889,-2681,-1184,-2889,-2681,1200,3690,7182,882,6390,14667,1363,6185,10862,5486,10046,29391,1363,5485,10112,5166,10046,29391,-5684,-6354,-5684,-6354,-5684,-6354,-5684,-6354,1051,2343,1228,2726,1657,130,1599,2374,1454,2553,1599,2374
9/3/2026,-294,433,-2345,-294,433,-2345,-294,433,-2345,-294,433,-2345,1728,3041,2603,1338,2616,4082,2698,2518,234,2163,2108,-441,1050,2227,1891,2163,2108,-441,-294,-470,-1373,-294,-470,-1373,-294,-470,-1373,-294,-470,-1373,1728,3940,8912,1338,4558,10112,2698,5535,11894,4892,12122,21202,2508,5110,11079,4892,12122,21202,-1580,-2366,-1580,-2366,-1580,-2366,-1580,-2366,592,-3621,2072,-1731,1077,-5518,3195,-1380,-233,6979,3195,-1380
9/4/2026,-2040,-2882,-7020,-2040,-2882,-7020,-2040,-2882,-7020,-2040,-2882,-7020,1130,1425,6125,-2255,-5893,-7126,-3880,-6118,-8998,-6000,-6710,-8943,550,-1320,2820,-6000,-6710,-8943,-2040,-2785,-8630,-2040,-2785,-8630,-2040,-2785,-8630,-2040,-2785,-8630,1130,1425,9135,-2255,-5410,-4740,-3880,-9570,-12250,-11500,-24880,-59030,-3880,-9570,-12250,-11500,-24880,-59030,-3660,-3470,-3660,-3470,-3660,-3470,-3660,-3470,1605,10515,-3076,-615,-5731,-8813,-5455,-8897,-505,1398,-5455,-8897
